Datetime,Water Level (m)
2025-03-24 00:00:00,-0.52064383
2025-03-24 01:00:00,-0.59591454
2025-03-24 02:00:00,-0.6223995
2025-03-24 03:00:00,-0.55576074
2025-03-24 04:00:00,-0.4207635
2025-03-24 05:00:00,-0.27750406
2025-03-24 06:00:00,-0.15112944
2025-03-24 07:00:00,-0.12093819
2025-03-24 08:00:00,-0.17863473
2025-03-24 09:00:00,-0.29457888
2025-03-24 10:00:00,-0.43797874
2025-03-24 11:00:00,-0.55878323
2025-03-24 12:00:00,-0.64699006
2025-03-24 13:00:00,-0.67462415
2025-03-24 14:00:00,-0.5534169
2025-03-24 15:00:00,-0.3638277
2025-03-24 16:00:00,-0.15045424
2025-03-24 17:00:00,0.12676279
2025-03-24 18:00:00,0.3279791
2025-03-24 19:00:00,0.3908588
2025-03-24 20:00:00,0.328363
2025-03-24 21:00:00,0.1351871
2025-03-24 22:00:00,-0.06595586
2025-03-24 23:00:00,-0.27403733
2025-03-25 00:00:00,-0.45800358
2025-03-25 01:00:00,-0.5922079
2025-03-25 02:00:00,-0.7050864
2025-03-25 03:00:00,-0.764714
2025-03-25 04:00:00,-0.61336637
2025-03-25 05:00:00,-0.33315614
2025-03-25 06:00:00,-0.13104503
2025-03-25 07:00:00,0.10431794
2025-03-25 08:00:00,0.179163
2025-03-25 09:00:00,0.09829225
2025-03-25 10:00:00,-0.06557168
2025-03-25 11:00:00,-0.2523175
2025-03-25 12:00:00,-0.42473012
2025-03-25 13:00:00,-0.56597674
2025-03-25 14:00:00,-0.66866636
2025-03-25 15:00:00,-0.6458864
2025-03-25 16:00:00,-0.33458322
2025-03-25 17:00:00,-0.06892599
2025-03-25 18:00:00,0.24637663
2025-03-25 19:00:00,0.53541887
2025-03-25 20:00:00,0.61182356
2025-03-25 21:00:00,0.5371438
2025-03-25 22:00:00,0.3169541
2025-03-25 23:00:00,0.08473835
2025-03-26 00:00:00,-0.15321766
2025-03-26 01:00:00,-0.36766323
2025-03-26 02:00:00,-0.5278586
2025-03-26 03:00:00,-0.65442324
2025-03-26 04:00:00,-0.70103955
2025-03-26 05:00:00,-0.38318464
2025-03-26 06:00:00,-0.07218308
2025-03-26 07:00:00,0.19782026
2025-03-26 08:00:00,0.46446624
2025-03-26 09:00:00,0.4840752
2025-03-26 10:00:00,0.33980003
2025-03-26 11:00:00,0.12382247
2025-03-26 12:00:00,-0.088339016
2025-03-26 13:00:00,-0.30763477
2025-03-26 14:00:00,-0.47751528
2025-03-26 15:00:00,-0.6027487
2025-03-26 16:00:00,-0.58306336
2025-03-26 17:00:00,-0.18026413
2025-03-26 18:00:00,0.12992002
2025-03-26 19:00:00,0.5110665
2025-03-26 20:00:00,0.78885853
2025-03-26 21:00:00,0.83008885
2025-03-26 22:00:00,0.68305314
2025-03-26 23:00:00,0.41621807
2025-03-27 00:00:00,0.16917217
2025-03-27 01:00:00,-0.09426078
2025-03-27 02:00:00,-0.30885592
2025-03-27 03:00:00,-0.4723577
2025-03-27 04:00:00,-0.59829235
2025-03-27 05:00:00,-0.54789686
2025-03-27 06:00:00,-0.051286098
2025-03-27 07:00:00,0.26742607
2025-03-27 08:00:00,0.6329791
2025-03-27 09:00:00,0.81337094
2025-03-27 10:00:00,0.7473255
2025-03-27 11:00:00,0.51516956
2025-03-27 12:00:00,0.26426643
2025-03-27 13:00:00,0.01399143
2025-03-27 14:00:00,-0.23117293
2025-03-27 15:00:00,-0.40677124
2025-03-27 16:00:00,-0.54090595
2025-03-27 17:00:00,-0.4639074
2025-03-27 18:00:00,0.066330984
2025-03-27 19:00:00,0.42199394
2025-03-27 20:00:00,0.8461638
2025-03-27 21:00:00,1.0505456
2025-03-27 22:00:00,1.0232232
2025-03-27 23:00:00,0.7817699
2025-03-28 00:00:00,0.49883878
2025-03-28 01:00:00,0.23153432
2025-03-28 02:00:00,-0.044354875
2025-03-28 03:00:00,-0.24607942
2025-03-28 04:00:00,-0.40688002
2025-03-28 05:00:00,-0.518746
2025-03-28 06:00:00,-0.21534759
2025-03-28 07:00:00,0.3023102
2025-03-28 08:00:00,0.68425936
2025-03-28 09:00:00,1.0402858
2025-03-28 10:00:00,1.0908937
2025-03-28 11:00:00,0.9170373
2025-03-28 12:00:00,0.6123815
2025-03-28 13:00:00,0.35351688
2025-03-28 14:00:00,0.0684258
2025-03-28 15:00:00,-0.1684158
2025-03-28 16:00:00,-0.33854812
2025-03-28 17:00:00,-0.46988678
2025-03-28 18:00:00,-0.24219382
2025-03-28 19:00:00,0.31770864
2025-03-28 20:00:00,0.7155502
2025-03-28 21:00:00,1.1130575
2025-03-28 22:00:00,1.2180953
2025-03-28 23:00:00,1.0825293
2025-03-29 00:00:00,0.77101696
2025-03-29 01:00:00,0.4985237
2025-03-29 02:00:00,0.207105
2025-03-29 03:00:00,-0.055470377
2025-03-29 04:00:00,-0.23916773
2025-03-29 05:00:00,-0.39696372
2025-03-29 06:00:00,-0.4656083
2025-03-29 07:00:00,0.115828894
2025-03-29 08:00:00,0.55187315
2025-03-29 09:00:00,0.9671114
2025-03-29 10:00:00,1.220763
2025-03-29 11:00:00,1.1840225
2025-03-29 12:00:00,0.9195267
2025-03-29 13:00:00,0.62239885
2025-03-29 14:00:00,0.34124854
2025-03-29 15:00:00,0.049506556
2025-03-29 16:00:00,-0.16526523
2025-03-29 17:00:00,-0.33697233
2025-03-29 18:00:00,-0.4561987
2025-03-29 19:00:00,-0.023231812
2025-03-29 20:00:00,0.4862632
2025-03-29 21:00:00,0.9005288
2025-03-29 22:00:00,1.2093161
2025-03-29 23:00:00,1.2044083
2025-03-30 00:00:00,0.9579464
